family,sample,outcome,elapsed_ms
cursors,ani-x-pop-os-icon-theme-4c2c4af8-00000000000000020006000e7e9ffc3f,diffed,21.53
cursors,ani-x-pop-os-icon-theme-4c2c4af8-wait,diffed,23.92
cursors,ani-x-vinceliuice-vimix-cursors-de8100f3-busy,diffed,1.44
cursors,ani-x-vinceliuice-vimix-cursors-de8100f3-working-in-background,diffed,1.11
archives,bzip2-x-jonathansalwan-ropgadget-7c4f6ecf-ref_output,diffed,1453.71
archives,bzip2-x-jonathansalwan-ropgadget-9f20a4be-ref_output,diffed,2182.37
archives,bzip2-x-rocm-miopen-801eab7f-gfx942130-db-txt,diffed,3857.24
archives,bzip2-x-rocm-miopen-801eab7f-gfx942130-hip-fdb-txt,diffed,4147.81
cursors,cur-x-pop-os-icon-theme-c8b14907-right_tee,diffed,0.49
cursors,cur-x-vinceliuice-vimix-cursors-de8100f3-diagonal-resize-1,diffed,0.18
pictures,gif-x-abs-lang-abs-63b53d7f-ip,diffed,634.95
pictures,gif-x-abs-lang-abs-63b53d7f-suggestions,diffed,713.26
pictures,gif-x-ascii-boxes-boxes-eea1dfea-readme-0,diffed,23.23
pictures,gif-x-awth13-org-appear-53212256-demo,diffed,141.48
pictures,gif-x-bergmeister-posh-dotnet-c1fe5d9a-demo,diffed,7.75
pictures,gif-x-c-amie-analog-ce-82e449b1-analogo,diffed,0.55
pictures,gif-x-c-amie-analog-ce-e5a19785-analogo,diffed,0.50
pictures,gif-x-exahilosys-survey-f4d880ae-graphics-lineprogress-1,diffed,50.57
pictures,gif-x-exahilosys-survey-f4d880ae-graphics-spinprogress-1,diffed,9.82
pictures,gif-x-gogglesmm-gogglesmm-5969b162-bigfolder,diffed,0.42
pictures,gif-x-gogglesmm-gogglesmm-5969b162-bigfolderopen,diffed,0.37
pictures,gif-x-gogglesmm-gogglesmm-5969b162-gotowork,diffed,0.18
pictures,gif-x-gogglesmm-gogglesmm-5969b162-undo_gif,diffed,0.18
pictures,gif-x-jetbrains-jetbrainsmono-8c3ccf76-ligatures-1@2x,diffed,42.99
pictures,gif-x-jetbrains-jetbrainsmono-8c3ccf76-ligatures-2@2x,diffed,40.18
pictures,gif-x-python-xmp-toolkit-python-xmp-toolkit-e0f42af4-bluesquare,diffed,2.80
pictures,gif-x-rickhowe-diffchar.vim-23d110e6-demo,diffed,886.93
pictures,gif-x-rickhowe-diffchar.vim-3f1547af-demo,diffed,676.29
pictures,gif-x-rickhowe-diffchar.vim-8044458d-demo,diffed,1473.55
pictures,gif-x-rickhowe-diffchar.vim-c889cc13-demo,diffed,1231.50
pictures,gif-x-terryma-vim-multiple-cursors-539ee639-example3,diffed,206.59
archives,gzip-x-atsb-dav-text-1396c098-dav-1,diffed,0.47
archives,gzip-x-atsb-dav-text-1a7fef01-dav-1,diffed,0.44
archives,gzip-x-cesanta-docker_auth-c67fa202-docker-auth-1-5-0,diffed,0.66
archives,gzip-x-danrohde-webdavcgi-0ffad62e-complete-min-css,diffed,0.97
archives,gzip-x-dave-theunsub-clamtk-93cb145a-clamtk-1,diffed,0.44
archives,gzip-x-dell-biosdisk-7c3ad6f3-biosdisk-8,diffed,0.46
archives,gzip-x-fbb-git-icmake-650f438d-bobcat,diffed,3.37
archives,gzip-x-fbb-git-icmake-89b6a1b4-bobcat,diffed,3.40
archives,gzip-x-fbb-git-icmake-973bca8d-bobcat,diffed,3.43
archives,gzip-x-guillaumeboehm-nordzy-cursors-5827428b-nordzy-catppuccin-mocha-light-tar,diffed,23.41
archives,gzip-x-james-d-mitchell-gaplint-a8566f1c-expected-pkl,diffed,0.41
archives,gzip-x-janlelis-unicode-emoji-c25f9805-emoji-marshal,diffed,0.80
archives,gzip-x-poetaman-arttime-3f0e855e-artprint-1,diffed,0.60
archives,gzip-x-pre-commit-pre-commit-fc33a62f-rbenv-tar,diffed,5.22
archives,gzip-x-pre-commit-pre-commit-fc33a62f-ruby-build-tar,diffed,6.44
archives,gzip-x-rvaiya-keyd-774cb10d-keyd-1,diffed,1.56
archives,gzip-x-rvaiya-keyd-774cb10d-keyd-application-mapper-1,diffed,0.57
archives,gzip-x-urbanjost-m_cli2-82437d30-manpages,diffed,0.37
archives,gzip-x-urbanjost-m_cli2-f80b4c28-manpages,diffed,2.61
cursors,hyprcursor-x-guillaumeboehm-nordzy-cursors-39478f04-color-picker,diffed,0.24
cursors,hyprcursor-x-guillaumeboehm-nordzy-cursors-39478f04-progress,diffed,0.37
cursors,hyprcursor-x-guillaumeboehm-nordzy-cursors-5bd0b1ba-wait,diffed,0.49
pictures,ico-x-exeldro-obs-3d-effect-6aca6c46-icon,failed,0.11
pictures,ico-x-krtirtho-spotube-0e48b7a3-favicon,failed,0.12
pictures,jpeg-x-chennes-med-f17a4859-a00426,diffed,14.98
pictures,jpeg-x-chennes-med-f17a4859-a01324,diffed,5.38
pictures,jpeg-x-chennes-med-f17a4859-a01344,diffed,1.99
pictures,jpeg-x-chennes-med-f17a4859-a01374,diffed,0.35
pictures,jpeg-x-chennes-med-f17a4859-a01401,diffed,0.70
pictures,jpeg-x-chennes-med-f17a4859-a01402,diffed,87.03
pictures,jpeg-x-chennes-med-f17a4859-a01405,diffed,83.39
pictures,jpeg-x-chennes-med-f17a4859-a01419,diffed,0.40
pictures,jpeg-x-chennes-med-f17a4859-a01497,diffed,4.02
pictures,jpeg-x-chennes-med-f17a4859-a01578,diffed,4.98
pictures,jpeg-x-chennes-med-f17a4859-a01953,diffed,24.65
pictures,jpeg-x-chennes-med-f17a4859-inherit_graph_10,diffed,0.34
pictures,jpeg-x-chennes-med-f17a4859-inherit_graph_6,diffed,0.32
pictures,jpeg-x-chennes-med-f17a4859-inherit_graph_8,diffed,0.31
pictures,jpeg-x-deltj-tempestsdr-82f86af6-demo_adversary,diffed,120.09
pictures,jpeg-x-deltj-tempestsdr-82f86af6-demo_target,diffed,122.17
pictures,jpeg-x-docker-classicswarm-c17c5c68-overlay-review,diffed,6.13
pictures,jpeg-x-docker-classicswarm-c17c5c68-tls-2,diffed,11.67
pictures,jpeg-x-governikus-ausweisapp-522d8b0b-wix_dialog,diffed,6.27
pictures,jpeg-x-jpfleury-clearlooks-phenix-f919bfa4-poster,diffed,18.59
pictures,jpeg-x-karlb-bumprace-59f81895-back2,diffed,29.32
pictures,jpeg-x-madmaxms-iconpack-obsidian-5bde0d62-logo,diffed,16.04
pictures,jpeg-x-madmaxms-iconpack-obsidian-8948521e-logo,diffed,15.89
pictures,jpeg-x-madmaxms-theme-obsidian-2-93ba8ec1-screenshot,diffed,77.35
pictures,jpeg-x-madmaxms-theme-obsidian-2-a85c7f9f-screenshot,diffed,32.86
pictures,jpeg-x-madmaxms-theme-obsidian-2-ed5e9cd8-screenshot,diffed,90.00
pictures,jpeg-x-mupen64plus-mupen64plus-ui-python-ba610283-07f3b276ec8f3d39,diffed,2.58
pictures,jpeg-x-mupen64plus-mupen64plus-ui-python-ba610283-36281f239756cf,diffed,6.25
pictures,jpeg-x-mupen64plus-mupen64plus-ui-python-ba610283-82b3248be73e244d,diffed,2.96
pictures,jpeg-x-mupen64plus-mupen64plus-ui-python-ba610283-ec158f5fb3e6896,diffed,6.65
pictures,jpeg-x-onerng-onerng.github.io-839e29a1-v3-botview,diffed,238.36
pictures,jpeg-x-rubjo-victor-mono-c0f90b43-keyboard-dark,diffed,171.43
pictures,jpeg-x-rubjo-victor-mono-c0f90b43-keyboard-light,diffed,171.54
pictures,jpeg-x-rubrikinc-wachy-7f73f5d6-overview_screenshot-skitch,diffed,48.57
pictures,jpeg-x-tnthieding-exif-e904ad17-windows_xp_tags,diffed,0.62
pictures,jpeg-x-yoshimi-yoshimi-255d9952-gui_big,diffed,36.41
pictures,jpeg-x-yoshimi-yoshimi-255d9952-gui_normal,diffed,41.28
catalogs,mo-x-adammajer-lpe-0d8fb399-fr,diffed,0.51
catalogs,mo-x-alsaplayer-alsaplayer-7a32bda0-en_gb,diffed,0.50
catalogs,mo-x-alsaplayer-alsaplayer-7a32bda0-fr,diffed,0.50
catalogs,mo-x-deathkiller-jazz2-native-09123bd8-hu,diffed,0.59
catalogs,mo-x-deathkiller-jazz2-native-0aaf3cff-cs,diffed,0.90
catalogs,mo-x-deathkiller-jazz2-native-0aaf3cff-pt,diffed,0.35
catalogs,mo-x-deathkiller-jazz2-native-0aaf3cff-ro,diffed,0.65
catalogs,mo-x-duplicati-duplicati-b072f18d-localization-de,diffed,1.80
catalogs,mo-x-duplicati-duplicati-b072f18d-localization-en_gb,diffed,0.90
catalogs,mo-x-duplicati-duplicati-b072f18d-localization-it,diffed,1.33
catalogs,mo-x-duplicati-duplicati-b072f18d-localization-nl_nl,diffed,1.63
catalogs,mo-x-free-astro-pysiril-55dc5d8a-pysiril,diffed,0.87
catalogs,mo-x-free-astro-pysiril-69b41df0-pysiril,diffed,0.51
catalogs,mo-x-free-astro-sirilic-9d4fd7b0-sirilic,diffed,1.15
catalogs,mo-x-free-astro-sirilic-a544e436-sirilic,diffed,1.08
catalogs,mo-x-jarun-buku-314debe7-messages,diffed,0.52
catalogs,mo-x-jarun-buku-314debe7-messages-2,diffed,0.51
catalogs,mo-x-jarun-buku-7bf82665-messages,diffed,0.34
catalogs,mo-x-jarun-buku-f832c8b8-messages,diffed,0.22
catalogs,mo-x-meaneye-sunflower-2161539b-sunflower,diffed,0.87
catalogs,mo-x-meaneye-sunflower-f7706d69-sunflower,diffed,0.25
catalogs,mo-x-meaneye-sunflower-f7706d69-sunflower-2,diffed,0.31
catalogs,mo-x-meaneye-sunflower-f7706d69-sunflower-3,diffed,1.12
catalogs,mo-x-motioneye-project-motioneye-9e2ef521-motioneye,diffed,0.21
catalogs,mo-x-motioneye-project-motioneye-c627e726-motioneye,diffed,0.66
catalogs,mo-x-motioneye-project-motioneye-fd6ec49f-motioneye,diffed,0.52
catalogs,mo-x-neffo-bing-wallpaper-gnome-extension-c8e2069c-bingwallpaper,diffed,0.42
catalogs,mo-x-neffo-bing-wallpaper-gnome-extension-df9cccee-bingwallpaper,diffed,0.25
catalogs,mo-x-neffo-bing-wallpaper-gnome-extension-df9cccee-bingwallpaper-2,diffed,0.28
catalogs,mo-x-neffo-bing-wallpaper-gnome-extension-eccabca7-bingwallpaper,diffed,0.41
catalogs,mo-x-prusa3d-prusaslicer-0aa5b288-prusaslicer,diffed,7.41
catalogs,mo-x-prusa3d-prusaslicer-0aa5b288-prusaslicer-2,diffed,6.40
catalogs,mo-x-prusa3d-prusaslicer-832dbd15-prusaslicer,diffed,6.50
catalogs,mo-x-prusa3d-prusaslicer-832dbd15-prusaslicer-2,diffed,6.76
catalogs,mo-x-raphaelrochet-applications-overview-tooltip-66d8109f-applications-overview-tooltip,diffed,0.25
catalogs,mo-x-raphaelrochet-applications-overview-tooltip-66d8109f-applications-overview-tooltip-2,diffed,0.28
catalogs,mo-x-spirali-rmahjong-abb369a8-rmahjong,diffed,0.43
catalogs,mo-x-spyder-ide-spyder-unittest-a83c14f9-spyder_unittest,diffed,0.44
catalogs,mo-x-spyder-ide-spyder-unittest-a83c14f9-spyder_unittest-2,diffed,0.30
catalogs,mo-x-spyder-ide-spyder-unittest-a83c14f9-spyder_unittest-3,diffed,0.36
catalogs,mo-x-spyder-ide-spyder-unittest-a83c14f9-spyder_unittest-4,diffed,0.41
catalogs,mo-x-trigg-discover-2c065288-default,diffed,0.29
catalogs,mo-x-trigg-discover-bd704f3d-default,diffed,0.45
catalogs,mo-x-ubernostrum-django-registration-2fd922db-django,diffed,0.29
catalogs,mo-x-ubernostrum-django-registration-620276cd-django,diffed,0.25
catalogs,mo-x-ubernostrum-django-registration-906912aa-django,diffed,0.36
catalogs,mo-x-woeusb-woeusb-ng-89063d40-woeusb,diffed,0.37
catalogs,mo-x-woeusb-woeusb-ng-89063d40-woeusb-2,diffed,0.38
documents,pdf-x-abacus-gene-paml-7bc60a7b-pamldoc,diffed,987.64
documents,pdf-x-abacus-gene-paml-dad7e43e-pamldoc,diffed,874.07
documents,pdf-x-abacus-gene-paml-e5b951ea-pamldoc,diffed,605.95
documents,pdf-x-adobe-fonts-source-han-mono-9a10a4fe-sourcehanmonoreadme,diffed,245.35
documents,pdf-x-alexdobin-star-6f2442d5-starmanual,diffed,43.52
documents,pdf-x-alexdobin-star-79affaae-starmanual,diffed,520.37
documents,pdf-x-berndporr-iir1-4c139f20-refman,diffed,1113.70
documents,pdf-x-berndporr-iir1-4c139f20-structiir_1_1polefilter,diffed,7.01
documents,pdf-x-berndporr-iir1-4c139f20-structiir_1_1rbj_1_1allpass,diffed,15.56
documents,pdf-x-berndporr-iir1-9ef2a04a-refman,diffed,1080.52
documents,pdf-x-deltj-tempestsdr-aad09f5a-autocorr_zoomed,diffed,52.42
documents,pdf-x-deltj-tempestsdr-c2179eab-autocorr_zoomed,diffed,41.42
documents,pdf-x-deltj-tempestsdr-cf19951e-acs-dissertation,diffed,932.80
documents,pdf-x-deltj-tempestsdr-e55d0e82-acs-dissertation,diffed,469.27
documents,pdf-x-dharple-detox-b2187368-detox-tbl-5,diffed,38.14
documents,pdf-x-dharple-detox-b2187368-detoxrc-5,diffed,43.37
documents,pdf-x-drowe67-codec2-88be2d72-codec2,diffed,253.73
documents,pdf-x-drowe67-codec2-aebdd114-codec2,diffed,55.41
documents,pdf-x-erkin-ponysay-151d492a-ponysay,diffed,242.90
documents,pdf-x-erkin-ponysay-46672d57-ponysay,diffed,3427.18
documents,pdf-x-freaklabs-chibiarduino-1e0034e9-howto using the chibiarduino wireless protocol stack,diffed,149.15
documents,pdf-x-freaklabs-chibiarduino-beebb52d-howto using the chibiarduino wireless protocol stack,diffed,160.56
documents,pdf-x-furrtek-portapack-havoc-e7c0fa39-portapack_h1,diffed,89.22
documents,pdf-x-governikus-ausweisapp-522d8b0b-communicationmodel_de,diffed,15.33
documents,pdf-x-governikus-ausweisapp-522d8b0b-communicationmodel_en,diffed,14.49
documents,pdf-x-gpoore-latex2pydata-3eb423a6-latex2pydata,diffed,284.18
documents,pdf-x-gpoore-latex2pydata-60f3609f-latex2pydata,diffed,163.75
documents,pdf-x-gpoore-latex2pydata-9960c88d-latex2pydata,diffed,283.90
documents,pdf-x-gpoore-latex2pydata-dd216734-latex2pydata,diffed,289.99
documents,pdf-x-gpoore-minted-19ea6fca-minted,diffed,1026.02
documents,pdf-x-gpoore-minted-dc2b552f-minted,diffed,254.68
documents,pdf-x-gpoore-minted-e486c88c-minted,diffed,754.33
documents,pdf-x-gpoore-pythontex-3ac7263b-pythontex,diffed,1790.39
documents,pdf-x-gpoore-pythontex-d0beafa0-pythontex,diffed,1966.05
documents,pdf-x-gpuopen-librariesandsdks-amf-16f7d73e-amf_api_reference,diffed,841.54
documents,pdf-x-gpuopen-librariesandsdks-amf-6d7bec04-amf_frc_api,diffed,78.25
documents,pdf-x-gpuopen-librariesandsdks-amf-8787d3ef-amf_video_encode_av1_api,diffed,140.55
documents,pdf-x-gpuopen-librariesandsdks-amf-afed28d3-amf_frc_api,diffed,62.68
documents,pdf-x-hewlettpackard-netperf-0dbda2d6-netperf,diffed,36.98
documents,pdf-x-hyperrealm-libconfig-be5616d9-libconfig_manual,diffed,770.05
documents,pdf-x-jawatson-pythonprop-6ab940a8-voacapgui,diffed,31.57
documents,pdf-x-jawatson-pythonprop-fb25788c-voacapgui,diffed,213.85
documents,pdf-x-khronosgroup-vulkan-utility-libraries-3fd38287-configuring-vulkan-layers-whitepaper,diffed,346.09
documents,pdf-x-khronosgroup-vulkan-utility-libraries-c3e5c14d-configuring-vulkan-layers-whitepaper,diffed,271.61
documents,pdf-x-kikoplayproject-kikoplay-9a089dd6-kikoplay使用说明,diffed,274.50
documents,pdf-x-leo-arch-clifm-7dec4f05-clifm-1,diffed,52.26
documents,pdf-x-leo-arch-clifm-9f99187a-clifm-1,diffed,655.98
documents,pdf-x-libtom-libtomfloat-d939cb5d-float,diffed,22.70
documents,pdf-x-libtom-libtompoly-03749f68-pb,diffed,21.30
documents,pdf-x-libtom-libtompoly-06939429-pb,diffed,52.27
documents,pdf-x-libtom-libtompoly-7b08266e-pb,diffed,50.15
documents,pdf-x-maaslalani-invoice-e6ac2a5a-invoice,diffed,28.07
documents,pdf-x-mozilla-fira-01f5dc05-firamono-medium-otf,diffed,87.80
documents,pdf-x-mozilla-fira-01f5dc05-firasans-extralightitalic-otf,diffed,133.18
documents,pdf-x-nagiosenterprises-ndoutils-3f77170e-ndoutils documentation,diffed,141.84
documents,pdf-x-normaliz-normaliz-763d997c-normaliz,diffed,342.52
documents,pdf-x-normaliz-normaliz-8a2ef11c-normaliz,diffed,84.69
documents,pdf-x-npat-efault-picocom-eb0f53a0-picocom-1,diffed,130.05
documents,pdf-x-npat-efault-picocom-ed451a1d-picocom-1,diffed,112.79
documents,pdf-x-openni-openni-98501c4b-openni_userguide,diffed,488.06
documents,pdf-x-openni-openni-f0e60ef0-openni_userguide,diffed,510.05
documents,pdf-x-phoronix-test-suite-phoronix-test-suite-781d435b-phoronix-test-suite,diffed,157.54
documents,pdf-x-phoronix-test-suite-phoronix-test-suite-c2605245-phoronix-test-suite,diffed,997.68
documents,pdf-x-pixaranimationstudios-opensubdiv-b489c40d-opensubdivcla_corporate,diffed,78.46
documents,pdf-x-pixaranimationstudios-opensubdiv-b489c40d-opensubdivcla_individual,diffed,72.61
documents,pdf-x-ppvan-libcsv-a029b0c7-csv,diffed,134.21
documents,pdf-x-redhatofficial-overpass-2302df37-overpass-specimen,diffed,299.00
documents,pdf-x-redhatofficial-overpass-d00e5ad7-overpass-specimen,diffed,29.75
documents,pdf-x-renderkit-oidn-49a0a43b-readme,diffed,182.28
documents,pdf-x-rseichter-fangfrisch-2c55f50e-fangfrisch,diffed,246.63
documents,pdf-x-rseichter-fangfrisch-e8387cd0-fangfrisch,diffed,0.62
documents,pdf-x-rvirding-luerl-8adacfae-luerl_old,diffed,52.75
documents,pdf-x-rvirding-luerl-8adacfae-luerl_sandbox,diffed,49.54
documents,pdf-x-rvirding-luerl-8d31d23d-luerl_old,diffed,29.44
documents,pdf-x-rvirding-luerl-acd9e280-luerl,diffed,74.48
documents,pdf-x-silnrsi-teckit-2991037f-teckit_language,diffed,110.68
documents,pdf-x-silnrsi-teckit-2991037f-teckit_tools,diffed,113.07
documents,pdf-x-silnrsi-teckit-3d06b4f4-teckit_tools,diffed,109.48
documents,pdf-x-stamatak-standard-raxml-d0b72062-newmanual,diffed,780.42
documents,pdf-x-syncplay-syncplay-8d60c8b4-macos_readme,diffed,55.86
documents,pdf-x-tsujan-kvantum-0dc214be-theme-making,diffed,50.74
documents,pdf-x-tsujan-kvantum-64092b87-theme-making,diffed,377.62
documents,pdf-x-tsujan-kvantum-71961860-theme-config,diffed,285.81
documents,pdf-x-ultralytics-functions-matlab-f884d7b9-angular error vs measurement count,diffed,37.30
documents,pdf-x-wahern-cqueues-96ad171e-cqueues,diffed,352.06
documents,pdf-x-wahern-luaossl-dac3c57f-luaossl,diffed,75.47
documents,pdf-x-wahern-luaossl-db44f3e7-luaossl,diffed,444.00
documents,pdf-x-wb2osz-direwolf-9cfcf496-raspberry-pi-aprs,diffed,448.43
documents,pdf-x-wb2osz-direwolf-d0cf040e-aprstt-implementation-notes,diffed,539.99
documents,pdf-x-wb2osz-direwolf-e494c948-user-guide,diffed,2240.66
documents,pdf-x-wg030-jlcode-3e8d45e5-manual,diffed,91.93
documents,pdf-x-wg030-jlcode-4358af97-example,diffed,75.67
documents,pdf-x-wg030-jlcode-9bff2514-manual,diffed,433.01
documents,pdf-x-wg030-jlcode-cea84bf1-manual,diffed,397.18
documents,pdf-x-wolfgangmehner-perl-support-4f18248b-perl-hot-keys,diffed,227.75
documents,pdf-x-wolfgangmehner-perl-support-636f0524-perl-hot-keys,diffed,223.45
documents,pdf-x-wrpearson-fasta36-71b89936-fasta_guide,diffed,400.15
documents,pdf-x-wrpearson-fasta36-b28b4cdf-fasta_guide,diffed,430.25
documents,pdf-x-wsakernel-picocom-12537df0-picocom-1,diffed,143.00
documents,pdf-x-wsakernel-picocom-32fa2128-picocom-1,diffed,109.91
pictures,png-x-alemart-surgescript-dc35e1aa-icon,diffed,1.30
pictures,png-x-artemsen-pipewalker-d8856e85-network,diffed,24.24
pictures,png-x-autodesk-automaticcomponenttoolkit-ba20316d-element_global,diffed,0.50
pictures,png-x-azelpg-azpainter-2785bd7a-icon_toolsub-24,diffed,0.85
pictures,png-x-azelpg-azpainter-3f8b9169-application-x-azpainter-apd,diffed,0.32
pictures,png-x-berndporr-iir1-4c139f20-structiir_1_1butterworth_1_1bandpass,diffed,0.33
pictures,png-x-blosc-python-blosc-4f7f07d8-speed-blosc-codecs,diffed,11.24
pictures,png-x-c-amie-analog-ce-e5a19785-analogo,diffed,0.44
pictures,png-x-cvxopt-cvxopt-afc6d959-52ccd90b4958ffdc21030f904fbeefb9395f1fbe,diffed,0.18
pictures,png-x-cvxopt-cvxopt-afc6d959-5a92ac96b6c7de9a1991b55afbb9c8009f287482,diffed,0.18
pictures,png-x-cvxopt-cvxopt-afc6d959-a01585ca765cd48aa82f8081a1221eabb29f6c2f,diffed,8.18
pictures,png-x-cvxopt-cvxopt-afc6d959-fe508a78da662e110fa58951db4759900d04d99c,diffed,0.31
pictures,png-x-cxong-cdogs-sdl-086cd9e0-upper_idle_32x32,diffed,0.41
pictures,png-x-dimtpap-obs-pipewire-audio-capture-82997d00-app-capture,diffed,0.47
pictures,png-x-dimtpap-obs-pipewire-audio-capture-82997d00-device-capture,diffed,0.31
pictures,png-x-dmlc-dlpack-688d2ba4-dlpack_diagram,diffed,13.82
pictures,png-x-dmlc-dlpack-bbd2f4d3-dlpack_diagram,diffed,6.60
pictures,png-x-docker-classicswarm-c17c5c68-vpc-create-6,diffed,29.43
pictures,png-x-element-hq-element-web-f46869e1-room-video-settings-linux,diffed,29.79
pictures,png-x-elparaguayo-qtile-extras-82e28d57-border-default-grouped-padding,diffed,0.75
pictures,png-x-elparaguayo-qtile-extras-82e28d57-powerline-custom-path,diffed,0.69
pictures,png-x-fcambus-ansiweather-be3a381a-ansiweather,diffed,0.32
pictures,png-x-fgmacedo-python-statemachine-ef351d5f-order_control_machine_initial_300dpi,diffed,41.65
pictures,png-x-fgmacedo-python-statemachine-ef351d5f-test_state_machine_internal,diffed,0.33
pictures,png-x-freedoom-freedoom-61198ffe-aqpanl03,diffed,0.27
pictures,png-x-freedoom-freedoom-61198ffe-aqsect01,diffed,0.31
pictures,png-x-freedoom-freedoom-917c3c7f-fcanb0,diffed,0.37
pictures,png-x-freedoom-freedoom-917c3c7f-fcanc0,diffed,0.38
pictures,png-x-g-truc-glm-5913e3f4-nav_h,diffed,0.14
pictures,png-x-gansm-finalcut-d09349c1-finalcut,diffed,0.17
pictures,png-x-gansm-finalcut-d09349c1-finalcut-2,diffed,0.33
pictures,png-x-gnucash-gnucash-docs-2d831f10-accts_defaultexpenseaccounts,diffed,38.48
pictures,png-x-gnucash-gnucash-docs-2d831f10-accts_defaultincomeaccounts,diffed,38.20
pictures,png-x-gnucash-gnucash-docs-2d831f10-basics_tipofday,diffed,14.49
pictures,png-x-googlefonts-noto-emoji-c3ca2382-emoji_u261d_1f3fd,diffed,8.90
pictures,png-x-googlefonts-noto-emoji-c853280d-emoji_u1fa76,diffed,0.24
pictures,png-x-googlefonts-noto-emoji-c853280d-emoji_u1fa76-2,diffed,0.36
pictures,png-x-googlefonts-noto-emoji-c853280d-emoji_u1fa77,diffed,0.52
pictures,png-x-googlefonts-noto-emoji-c853280d-emoji_u1fa77-2,diffed,0.19
pictures,png-x-googlefonts-noto-emoji-f3ae03f5-emoji_u1f469_1f3ff_200d_1f3a4,diffed,1.19
pictures,png-x-googlefonts-noto-emoji-f3ae03f5-emoji_u1f93e_1f3fb_200d_2642,diffed,0.23
pictures,png-x-governikus-ausweisapp-4c9e0be0-screenshot_selfauthentication_android_en,diffed,84.47
pictures,png-x-governikus-ausweisapp-4c9e0be0-screenshot_start_android_de,diffed,92.08
pictures,png-x-governikus-ausweisapp-522d8b0b-icon20,diffed,0.16
pictures,png-x-grantjenks-python-sortedcollections-cbaa784c-gj-logo,diffed,6.15
pictures,png-x-horst3180-arc-icon-theme-4c07a041-user-desktop,diffed,1.23
pictures,png-x-horst3180-arc-icon-theme-4c07a041-user-trash,diffed,0.26
pictures,png-x-horst3180-vertex-theme-6c6cfdba-scrollbar-slider-horizontal-active-dark@2,diffed,0.16
pictures,png-x-horst3180-vertex-theme-6c6cfdba-scrollbar-slider-horizontal-hover-dark,diffed,0.20
pictures,png-x-hrkfdn-ncspot-46ac2ab5-screenshot,diffed,1.75
pictures,png-x-hugolabe-wike-f3be8cbe-wike-05,diffed,13.09
pictures,png-x-hyprwm-hyprsysteminfo-6a8260e1-showcase,diffed,0.97
pictures,png-x-jetbrains-jetbrainsmono-8c3ccf76-font-styles@2x,diffed,9.72
pictures,png-x-jkriege2-jkqtplotter-20e6f09e-datastore_regression_lin,diffed,1.08
pictures,png-x-jkriege2-jkqtplotter-20e6f09e-jkqtmathtext_greek_argmax_fira_mathandtext,diffed,0.28
pictures,png-x-jkriege2-jkqtplotter-20e6f09e-jkqtmathtext_greek_bigotimes_fira_mathandtext,diffed,0.19
pictures,png-x-jkriege2-jkqtplotter-20e6f09e-jkqtmathtext_greek_dag_fira_mathandtext,diffed,0.19
pictures,png-x-jkriege2-jkqtplotter-20e6f09e-jkqtmathtext_greek_hyphen_xits_mathandtext,diffed,0.16
pictures,png-x-jkriege2-jkqtplotter-c1df8e8a-datastore_regression_linrobust_p,diffed,1.24
pictures,png-x-jkriege2-jkqtplotter-c1df8e8a-geo_coordinateaxis0,diffed,3.40
pictures,png-x-jkriege2-jkqtplotter-c1df8e8a-symbols_and_styles,diffed,65.59
pictures,png-x-jpfleury-clearlooks-phenix-0071b139-exemple2,diffed,7.70
pictures,png-x-jpfleury-clearlooks-phenix-0b2138fb-clearlooks-phenix,diffed,95.45
pictures,png-x-justjanne-powerline-go-1098b498-preview,diffed,4.35
pictures,png-x-keitanakamura-tex-conceal.vim-207e9049-output,diffed,3.60
pictures,png-x-kikoplayproject-kikoplay-9a089dd6-kikoplay1,diffed,13.21
pictures,png-x-krtirtho-spotube-0e48b7a3-android-chrome-512x512,diffed,19.21
pictures,png-x-lainsce-khronos-57ce70b9-shot,diffed,0.76
pictures,png-x-lainsce-khronos-dc31ec10-shot-dark,diffed,8.45
pictures,png-x-lassekongo83-adw-gtk3-77eae7eb-thumbnail-dark,diffed,0.45
pictures,png-x-lassekongo83-zuki-themes-be0d332d-menu-active,diffed,0.18
pictures,png-x-leonardschardijn-chirurgien-2cee3394-screenshot1,diffed,6.17
pictures,png-x-lordmauve-pgzero-bde0fbe2-filled_polygon,diffed,1.08
pictures,png-x-lvjr-tabularray-64a86f74-library-004,diffed,35.38
pictures,png-x-lvjr-tabularray-64a86f74-long-004,diffed,34.98
pictures,png-x-lxqt-lxqt-themes-26a10c13-preview,diffed,0.39
pictures,png-x-lxqt-screengrab-c13b3a8f-screengrab,diffed,6.67
pictures,png-x-madmaxms-iconpack-obsidian-05cf62e2-archive-manager,diffed,0.36
pictures,png-x-madmaxms-iconpack-obsidian-05cf62e2-veracrypt,diffed,0.22
pictures,png-x-madmaxms-iconpack-obsidian-6b7bb98a-jitsi,diffed,0.22
pictures,png-x-madmaxms-iconpack-obsidian-c54d1c9a-steam,diffed,0.26
pictures,png-x-madmaxms-theme-obsidian-2-615dfc0d-thumbnail,diffed,11.07
pictures,png-x-madmaxms-theme-obsidian-2-abd6842e-close,diffed,0.24
pictures,png-x-madmaxms-theme-obsidian-2-abd6842e-unmaximize_focused_normal,diffed,0.22
pictures,png-x-mananapr-cfiles-70af7b55-cf,diffed,53.71
pictures,png-x-markuskimius-sdl2_pango-5e406061-screenshot,diffed,2.01
pictures,png-x-megaglest-megaglest-data-07aca956-magic_techtree_graph_all,diffed,5.39
pictures,png-x-megaglest-megaglest-data-07aca956-magic_techtree_graph_buildings_units,diffed,2.64
pictures,png-x-megaglest-megaglest-data-764349a7-magic_techtree_graph_all,diffed,5.44
pictures,png-x-microsoft-cascadia-code-15600762-cascadia-code,diffed,12.88
pictures,png-x-microsoft-cascadia-code-82b5b9b2-cascadia-code,diffed,0.78
pictures,png-x-microsoft-cascadia-code-b8604c2b-cascadia-code-characters,diffed,14.68
pictures,png-x-microsoft-cascadia-code-fb0bce69-cascadia-code-italic-characters,diffed,150.46
pictures,png-x-mikelolasagasti-revelation-7e1fd6ad-gnome-mime-application-x-revelation,diffed,0.21
pictures,png-x-mirbsd-kwalletcli-e0e1ef2b-kwalletcli128,diffed,0.65
pictures,png-x-mirbsd-kwalletcli-e0e1ef2b-kwalletcli32,diffed,0.20
pictures,png-x-mupen64plus-mupen64plus-ui-python-88a22dc3-net-sourceforge-m64py-m64py,diffed,1.52
pictures,png-x-mx-linux-exit-options-8536eac3-logout,diffed,0.50
pictures,png-x-mypaint-mypaint-brushes-93b10be3-coarse_bulk_2_prev,diffed,0.77
pictures,png-x-nethappen-blocksync-fast-e881e99c-blocksync-fast,diffed,0.65
pictures,png-x-o2sh-onefetch-2477c18b-screenshot-1,diffed,2.41
pictures,png-x-onerng-onerng.github.io-a0117ce7-v2-layout-bot,diffed,89.31
pictures,png-x-onerng-onerng.github.io-e44c78ad-v1-layout-bot,diffed,133.36
pictures,png-x-oracle-bpftune-25b138f2-bpftune-tcp_buffer,diffed,38.76
pictures,png-x-papirusdevelopmentteam-arc-kde-c9211ad4-preview,diffed,20.90
pictures,png-x-ponty-pyvirtualdisplay-ef6ec41b-vncviewer_localhost:5904,diffed,0.21
pictures,png-x-pop-os-icon-theme-c8b14907-cross,diffed,0.19
pictures,png-x-pop-os-icon-theme-c8b14907-left_ptr_watch_0018,diffed,0.22
pictures,png-x-pyspread-pyspread-aeb54be1-screenshot_preferences_dialog,diffed,0.49
pictures,png-x-qiskit-qiskit-e1dad33f-for_loop_range,diffed,17.70
pictures,png-x-quansight-labs-accessible-pygments-32a7cbb4-gotthard-light,diffed,1.61
pictures,png-x-radioacoustick-coil64-85012b6c-multi_loop,diffed,1.04
pictures,png-x-regebro-svg.path-de85b7c6-test_image,diffed,16.04
pictures,png-x-reujab-silver-87180ea9-sleep,diffed,1.70
pictures,png-x-rocm-miopen-f173692c-cba,diffed,19.25
pictures,png-x-rtrlib-rtrlib-e8a9fa1d-components,diffed,8.27
pictures,png-x-rubrikinc-wachy-7f73f5d6-overview_screenshot,diffed,63.58
pictures,png-x-ruffle-rs-ruffle-29f78cd8-output-expected,diffed,0.17
pictures,png-x-rvirding-luerl-8d31d23d-logo,diffed,1.65
pictures,png-x-rvirding-luerl-8d31d23d-logo-large,diffed,228.78
pictures,png-x-sciapp-gr-f1c234b6-avantgarde_demioblique,diffed,18.13
pictures,png-x-sciapp-gr-f1c234b6-hline,diffed,0.30
pictures,png-x-sciapp-gr-f1c234b6-triangle_down,diffed,0.22
pictures,png-x-scim-im-scim-ad9d63c7-trademark,diffed,0.15
pictures,png-x-scottdraves-electricsheep-4949c31c-thumbnail@2x,diffed,1.86
pictures,png-x-sebaro-yarock-e9d133b2-radionomy,diffed,0.31
pictures,png-x-shimmerproject-greybird-52f91f4c-close-prelight,diffed,0.21
pictures,png-x-shimmerproject-greybird-52f91f4c-shade-active,diffed,0.19
pictures,png-x-shiromino-shiromino-af1bf223-g1_tetrion,diffed,3.63
pictures,png-x-shssoichiro-oxipng-e0917672-filter_0_for_grayscale_alpha_16,diffed,10.50
pictures,png-x-simonlarsen-mrrescue-0f615c80-awards,diffed,1.00
pictures,png-x-simonlarsen-mrrescue-9a4afa19-lovesplashpixel,diffed,2.36
pictures,png-x-simonlarsen-mrrescue-e1f9e969-popup_text,diffed,0.16
pictures,png-x-solarus-games-solarus-quest-editor-2f98d597-solarus-quest-editor-24x24,diffed,0.18
pictures,png-x-solarus-games-solarus-quest-editor-2f98d597-solarus-quest-editor-256x256,diffed,4.01
pictures,png-x-solarus-games-zsdx-e904d790-6-tiles,diffed,0.31
pictures,png-x-solarus-games-zsxd-c85318e2-0-tiles,diffed,8.06
pictures,png-x-solarus-games-zsxd-c85318e2-victory-sword,diffed,6.62
pictures,png-x-starfish-app-starfish-409d7588-default-style-screenshot,diffed,3.44
pictures,png-x-streetwriters-notesnook-4a3b3a14-icon,diffed,6.69
pictures,png-x-supertux-supertux-ba99b677-big_snowball_particle,diffed,0.16
pictures,png-x-supertux-supertux-ba99b677-pogonia,diffed,0.23
pictures,png-x-supertux-supertux-ba99b677-radio1,diffed,0.12
pictures,png-x-syncplay-syncplay-8d60c8b4-syncplay,diffed,2.24
pictures,png-x-tchx84-portfolio-28f4216f-2,diffed,2.82
pictures,png-x-tchx84-portfolio-28f4216f-6,diffed,2.72
pictures,png-x-tokiclover-e-gtk-theme-54350b79-vert_bar_left_glow,diffed,0.17
pictures,png-x-tokiclover-e-gtk-theme-54350b79-vert_bar_right_glow,diffed,0.17
pictures,png-x-tonsky-firacode-ab2aaf3e-ligatures_es,diffed,101.66
pictures,png-x-tonsky-firacode-db910e4c-character_variants_es,diffed,26.56
pictures,png-x-typst-typst-0dc1a614-gradient-presets,diffed,0.46
pictures,png-x-user-none-kdocker-f9885a0c-undockall,diffed,0.69
pictures,png-x-vinceliuice-vimix-cursors-380e5d56-preview,diffed,46.00
pictures,png-x-walles-riff-0b8279d0-screenshot-diff2-conflict,diffed,21.59
pictures,png-x-walles-riff-84312326-screenshot,diffed,6.83
pictures,png-x-xeco23-wasistlos-686e10e2-com-github-xeco23-wasistlos,diffed,2.63
pictures,png-x-xeco23-wasistlos-686e10e2-com-github-xeco23-wasistlos-tray-attention,diffed,1.01
pictures,png-x-yktoo-ymuse-29753654-com-yktoo-ymuse,diffed,0.14
pictures,png-x-yktoo-ymuse-abd7f2e4-com-yktoo-ymuse,diffed,4.01
pictures,png-x-ymattw-ydiff-6333e7a0-side-by-side-default,diffed,57.00
pictures,png-x-ymattw-ydiff-6333e7a0-unified-default,diffed,6.74
pictures,png-x-yoshimi-yoshimi-255d9952-switches,diffed,17.68
pictures,png-x-yoshimi-yoshimi-a0fdeef8-sub,diffed,3.39
catalogs,qm-x-brookiestein-btscreenlocker-5cbb24b0-btscreenlocker_es_us,diffed,0.44
catalogs,qm-x-brookiestein-btscreenlocker-f5f7dab7-btscreenlocker_es_us,diffed,0.31
catalogs,qm-x-brookiestein-portagecfg-23e7ed86-portagecfg_es_us,diffed,0.25
catalogs,qm-x-brookiestein-portagecfg-77d6273a-portagecfg_es_us,diffed,0.27
catalogs,qm-x-brookiestein-qbitmplayer-0d4beb32-qbitmplayer_es_mx,diffed,0.45
catalogs,qm-x-brookiestein-qbitmplayer-300db47b-qbitmplayer_es_mx,diffed,0.44
catalogs,qm-x-brookiestein-qbitmplayer-3a76be93-qbitmplayer_es_mx,diffed,0.28
catalogs,qm-x-brookiestein-qbitmplayer-d8a2ffed-qbitmplayer_es_mx,diffed,0.47
catalogs,qm-x-francescoceruti-linux-show-player-88f17c9c-base_de_de,diffed,1.18
catalogs,qm-x-francescoceruti-linux-show-player-e9828938-base_ca_es,diffed,1.05
catalogs,qm-x-francescoceruti-linux-show-player-e9828938-base_fr_fr,diffed,1.07
catalogs,qm-x-kikoplayproject-kikoplay-655fbac8-zh_hans,diffed,1.49
catalogs,qm-x-kikoplayproject-kikoplay-d6d9423b-zh_hans,diffed,1.33
catalogs,qm-x-luebking-phototonic-f613d205-phototonic_fi,diffed,0.19
catalogs,qm-x-luebking-phototonic-f613d205-phototonic_fr,diffed,0.88
catalogs,qm-x-luebking-phototonic-f613d205-phototonic_sv,diffed,0.64
catalogs,qm-x-mixxxdj-mixxx-d2c4f035-mixxx_es_co,diffed,4.13
catalogs,qm-x-mixxxdj-mixxx-d2c4f035-mixxx_lt,diffed,0.70
catalogs,qm-x-mixxxdj-mixxx-d2c4f035-mixxx_sl,diffed,4.16
catalogs,qm-x-mixxxdj-mixxx-d2c4f035-mixxx_tr,diffed,1.07
catalogs,qm-x-persepolisdm-persepolis-54e86310-ui_ar,diffed,0.51
catalogs,qm-x-persepolisdm-persepolis-54e86310-ui_pt,diffed,0.55
catalogs,qm-x-persepolisdm-persepolis-54e86310-ui_ru,diffed,0.60
catalogs,qm-x-psemiletov-tea-qt-5827ea2e-ru,diffed,0.79
catalogs,qm-x-psemiletov-tea-qt-58cdb8aa-ru,diffed,0.82
catalogs,qm-x-psemiletov-tea-qt-b1248be0-ru,diffed,0.79
catalogs,qm-x-radioacoustick-coil64-362b627b-coil64_en,diffed,0.80
catalogs,qm-x-radioacoustick-coil64-5d94d0da-coil64_es,diffed,0.95
catalogs,qm-x-radioacoustick-coil64-95f79fcd-coil64_zh,diffed,1.30
catalogs,qm-x-radioacoustick-coil64-be0f1fef-coil64_zh,diffed,1.44
catalogs,qm-x-simsys-qhexedit2-3f55b568-qhexedit_cs,diffed,0.27
catalogs,qm-x-simsys-qhexedit2-4648a52c-qhexedit_ru,diffed,0.27
catalogs,qm-x-simsys-qhexedit2-c3d84481-qhexedit_ru,diffed,0.34
fonts,sfnt-x-acaudwell-logstalgia-28b706fc-freemonobold,diffed,83.05
fonts,sfnt-x-adobe-fonts-source-code-pro-11a09c84-sourcecodepro-boldit,diffed,5.30
fonts,sfnt-x-adobe-fonts-source-code-pro-2ef38a80-sourcecodepro-extralight,diffed,3.93
fonts,sfnt-x-adobe-fonts-source-han-mono-9a10a4fe-sourcehanmonosc-extralightit,diffed,406.04
fonts,sfnt-x-adobe-fonts-source-sans-778e10a3-sourcesanspro-extralightit,diffed,59.37
fonts,sfnt-x-adobe-fonts-source-serif-cf7f1bfd-sourceserifpro-it,diffed,3.85
fonts,sfnt-x-artifexsoftware-urw-base35-fonts-b6bc4fe7-p052-bolditalic,diffed,3.10
fonts,sfnt-x-artifexsoftware-urw-base35-fonts-c1510559-nimbussans-bolditalic,diffed,38.35
fonts,sfnt-x-c1710-blobmoji-447a0ef3-blobmoji,diffed,11.24
fonts,sfnt-x-c1710-blobmoji-638fa051-blobmoji,diffed,4.81
fonts,sfnt-x-c1710-blobmoji-6fd1ae89-blobmojiwindowsdefaultreplacement,diffed,6.29
fonts,sfnt-x-cvxopt-cvxopt-cc46cbd0-fontawesome-webfont,diffed,10.23
fonts,sfnt-x-danrohde-webdavcgi-3bdb1cde-videojs,diffed,4.07
fonts,sfnt-x-dzaima-bqn-0bbe096f-bqn386,diffed,2.95
fonts,sfnt-x-dzaima-bqn-e841cc1c-bqn386,diffed,3.38
fonts,sfnt-x-githubnext-monaspace-ca8015b2-monaspacexenon-widemedium,diffed,10.35
fonts,sfnt-x-googlefonts-noto-emoji-124c7d40-noto-colrv1-noflags,diffed,1570.47
fonts,sfnt-x-googlefonts-noto-emoji-60ac8a9e-notocoloremoji-emojicompat,diffed,5.91
fonts,sfnt-x-googlefonts-noto-emoji-b3e3051a-notocoloremoji-flagsonly,diffed,0.74
fonts,sfnt-x-googlefonts-noto-emoji-f3ae03f5-notocoloremoji-flagsonly,diffed,0.74
fonts,sfnt-x-huertatipografica-alegreya-507fd4b4-alegreyasc-extrabold,diffed,9.18
fonts,sfnt-x-huertatipografica-alegreya-sans-1b9de724-alegreyasans-light,diffed,10.88
fonts,sfnt-x-jetbrains-jetbrainsmono-55e61fbc-jetbrainsmono-thinitalic,diffed,7.02
fonts,sfnt-x-keshikan-dseg-5c4c14f7-dseg14modern-lightitalic,diffed,0.64
fonts,sfnt-x-keshikan-dseg-ffc2e4a1-dseg14modern-italic,diffed,1.03
fonts,sfnt-x-kikoplayproject-kikoplay-655fbac8-iconfont,diffed,0.70
fonts,sfnt-x-kikoplayproject-kikoplay-d6d9423b-iconfont,diffed,1.10
fonts,sfnt-x-koruri-koruri-8e9343ab-koruri-semibold,diffed,80.06
fonts,sfnt-x-lewdlime-abcm2ps-e58a9ea3-abc2svg,diffed,0.68
fonts,sfnt-x-microsoft-cascadia-code-2c0cea58-cascadiacodeitalic_vtt,diffed,5.32
fonts,sfnt-x-mkdocs-mkdocs-bootswatch-d58b26e8-fontawesome-webfont,diffed,6.38
fonts,sfnt-x-mozilla-fira-01f5dc05-firamono-bold,diffed,8.95
fonts,sfnt-x-notofonts-noto-cjk-2d005a44-notoserifjp[wght],diffed,80.39
fonts,sfnt-x-notofonts-noto-cjk-87213953-notoserifjp-vf,diffed,167.70
fonts,sfnt-x-polarsys-b612-18c3c424-b612-italic,diffed,1.81
fonts,sfnt-x-polarsys-b612-1ed99157-b612mono-bold,diffed,8.59
fonts,sfnt-x-polarsys-b612-1ed99157-b612mono-bolditalic,diffed,6.94
fonts,sfnt-x-polarsys-b612-ac9a7354-b612mono-regular,diffed,11.02
fonts,sfnt-x-redhatofficial-overpass-0901bf70-overpassmono-bold,diffed,4.40
fonts,sfnt-x-rektdeckard-departure-mono-4961d3a0-departuremono-regular,diffed,3.88
fonts,sfnt-x-rektdeckard-departure-mono-a45d927f-departuremono-regular,diffed,8.91
fonts,sfnt-x-rubjo-victor-mono-5c7e360b-victormono-italic,diffed,3.65
fonts,sfnt-x-source-foundry-hack-d7d629a2-hack-italic,diffed,4.13
fonts,sfnt-x-vdr-projects-vdr-plugin-vdrmanager-c2ce599d-fontawesome-webfont,diffed,18.18
fonts,sfnt-x-wg030-jlcode-9cce9858-juliamono-light,diffed,608.95
fonts,sfnt-x-yuru7-firge-b5ecf7bb-firge35console-regular,diffed,2094.57
fonts,sfnt-x-yuru7-firge-b5ecf7bb-firgeconsole-regular,diffed,2041.67
fonts,sfnt-x-yuru7-hackgen-6960f16d-hacknerdfont-bold,diffed,180.86
fonts,sfnt-x-yuru7-moralerspace-a633bf0a-monaspaceradon-bold,diffed,14.73
fonts,sfnt-x-yuru7-moralerspace-a633bf0a-monaspacexenon-regular,diffed,11.63
fonts,sfnt-x-yuru7-plemoljp-065ebbc8-symbolsnerdfont-regular,diffed,139.67
fonts,sfnt-x-yuru7-udev-gothic-ee3beb6f-jetbrainsmono-regular,diffed,55.60
fonts,sfnt-x-yuru7-udev-gothic-ee3beb6f-jetbrainsmononl-bolditalic,diffed,47.11
pictures,tiff-x-gnustep-apps-systempreferences-9b2be112-gnustep_preview_128,diffed,0.78
pictures,tiff-x-gnustep-apps-systempreferences-9b2be112-no_preview,diffed,0.80
pictures,tiff-x-gnustep-apps-systempreferences-9b2be112-themes,diffed,0.36
pictures,tiff-x-schik-cdplayer-8c988ea9-eject,diffed,0.23
pictures,tiff-x-schik-cdplayer-8c988ea9-stop,diffed,0.21
pictures,tiff-x-scottdraves-electricsheep-4949c31c-thumbnail,diffed,1.92
pictures,tiff-x-voretaq7-radmind-21490e2f-background,diffed,16.24
pictures,webp-x-catppuccin-kvantum-48246af7-kvantum,diffed,11.47
pictures,webp-x-catppuccin-kvantum-48246af7-macchiato,diffed,5.10
fonts,woff-x-adobe-fonts-source-code-pro-482adcac-sourcecodepro-it-otf,diffed,21.16
fonts,woff-x-adobe-fonts-source-code-pro-eaaff2b1-sourcecodepro-extralight-ttf,diffed,5.09
fonts,woff-x-adobe-fonts-source-sans-778e10a3-sourcesanspro-boldit-otf,diffed,31.58
fonts,woff-x-adobe-fonts-source-serif-4e199532-sourceserifpro-regular-ttf,diffed,57.68
fonts,woff-x-adobe-fonts-source-serif-4e199532-sourceserifpro-semibold-ttf,diffed,48.32
fonts,woff-x-cvxopt-cvxopt-cc46cbd0-fontawesome-webfont,diffed,11.18
fonts,woff-x-danrohde-webdavcgi-3bdb1cde-videojs,diffed,4.05
fonts,woff-x-huertatipografica-alegreya-16a8d00a-alegreyasc-blackitalic,diffed,6.37
fonts,woff-x-huertatipografica-alegreya-254c16b6-alegreya-blackitalic,diffed,119.15
fonts,woff-x-huertatipografica-alegreya-sans-1d718f13-alegreyasanssc-mediumitalic,diffed,27.17
fonts,woff-x-ibm-plex-6da032fe-ibmplexsanstc-bold-059,diffed,2.47
fonts,woff-x-ibm-plex-6da032fe-ibmplexsanstc-thin-142,diffed,1.80
fonts,woff-x-intel-intel-one-mono-c10dc0e4-intelonemono-medium,diffed,3.48
fonts,woff-x-keshikan-dseg-5c4c14f7-dseg7classicmini-bold,diffed,1.17
fonts,woff-x-keshikan-dseg-b41558b7-dseg14modernmini-bold,diffed,0.59
fonts,woff-x-mkdocs-mkdocs-bootswatch-d58b26e8-fontawesome-webfont,diffed,7.92
fonts,woff-x-mozilla-fira-01f5dc05-firamono-regular,diffed,5.74
fonts,woff-x-redhatofficial-overpass-339e0a03-overpass-extrabold-italic,diffed,1.86
fonts,woff-x-rektdeckard-departure-mono-e1412389-dm,diffed,10.35
fonts,woff-x-rubjo-victor-mono-4c489970-victormono-italic,diffed,8.48
fonts,woff-x-rubjo-victor-mono-98692460-victormono-italic,diffed,7.85
fonts,woff-x-source-foundry-hack-32afc7c2-hack-bold,diffed,4.96
fonts,woff-x-source-foundry-hack-e03afdd6-hack-regular-subset,diffed,4.29
fonts,woff2-x-adobe-fonts-source-sans-778e10a3-sourcesanspro-boldit-otf,diffed,33.51
fonts,woff2-x-adobe-fonts-source-sans-778e10a3-sourcesanspro-lightit-ttf,diffed,68.10
fonts,woff2-x-fortawesome-font-awesome-41cfe644-fa-solid-900,diffed,11.76
fonts,woff2-x-fortawesome-font-awesome-41cfe644-fa-v4compatibility,diffed,0.93
fonts,woff2-x-fortawesome-font-awesome-b476ed9a-fa-solid-900,diffed,13.12
fonts,"woff2-x-githubnext-monaspace-ca8015b2-monaspaceargonvarvf[wght,wdth,slnt]",diffed,21.64
fonts,woff2-x-huertatipografica-alegreya-254c16b6-alegreyasc-black,diffed,96.62
fonts,woff2-x-huertatipografica-alegreya-sans-1b9de724-alegreyasans-mediumitalic,diffed,11.80
fonts,woff2-x-ibm-plex-b03b0b7e-ibmplexsansjp-light-119,diffed,14.10
fonts,woff2-x-ibm-plex-b5b546f0-ibmplexsansarabic-bold,diffed,8.12
fonts,woff2-x-intel-intel-one-mono-c10dc0e4-intelonemono-bolditalic,diffed,4.02
fonts,woff2-x-intel-intel-one-mono-c10dc0e4-intelonemono-italic,diffed,4.08
fonts,woff2-x-jetbrains-jetbrainsmono-cd5227bd-jetbrainsmono-italic,diffed,10.96
fonts,woff2-x-jetbrains-jetbrainsmono-f9771007-jetbrainsmono-extralight,diffed,16.91
fonts,woff2-x-mozilla-fira-01f5dc05-firamono-regular,diffed,7.00
fonts,woff2-x-redhatofficial-overpass-8e31ae8d-overpass-regular,diffed,23.82
fonts,woff2-x-redhatofficial-overpass-dcefb736-overpass-thinitalic,diffed,6.02
fonts,woff2-x-rektdeckard-departure-mono-b1664568-departuremono-regular,diffed,7.03
fonts,woff2-x-rsms-inter-e3a3d4c5-inter-extralightitalic,diffed,35.40
fonts,woff2-x-rsms-inter-e3a3d4c5-interdisplay-bolditalic,diffed,38.24
fonts,woff2-x-rubjo-victor-mono-4c489970-victormono-bolditalic,diffed,8.98
fonts,woff2-x-source-foundry-hack-e03afdd6-hack-regular-subset,diffed,4.98
fonts,woff2-x-wordpress-wordpress-8335c4c7-firasans-extralightitalic,diffed,150.79
fonts,woff2-x-wordpress-wordpress-8335c4c7-firasans-mediumitalic,diffed,155.49
cursors,xcursor-x-alvatip-neonly-8085a361-left_tee,diffed,0.68
cursors,xcursor-x-alvatip-neonly-8085a361-nw-resize,diffed,0.65
cursors,xcursor-x-alvatip-neonly-ecfc2a62-cell,diffed,1.15
cursors,xcursor-x-alvatip-neonly-ecfc2a62-down-arrow,diffed,1.06
cursors,xcursor-x-guillaumeboehm-nordzy-cursors-5827428b-ne-resize,diffed,1.06
cursors,xcursor-x-madmaxms-iconpack-obsidian-05cf62e2-color-picker,diffed,0.52
cursors,xcursor-x-madmaxms-iconpack-obsidian-ef814330-right_ptr,diffed,0.56
cursors,xcursor-x-pop-os-icon-theme-c8b14907-right_tee,diffed,0.70
cursors,xcursor-x-vinceliuice-qogir-icon-theme-116d1e44-bottom_left_corner,diffed,0.26
cursors,xcursor-x-vinceliuice-qogir-icon-theme-116d1e44-top_right_corner,diffed,0.27
cursors,xcursor-x-vinceliuice-qogir-icon-theme-50d961c2-left_side,diffed,1.05
cursors,xcursor-x-vinceliuice-qogir-icon-theme-50d961c2-top_left_corner,diffed,1.14
cursors,xcursor-x-vinceliuice-vimix-cursors-89d75d3d-vertical-text,diffed,0.54
archives,xz-x-anrieff-libcpuid-87bc7194-amd-ryzen-threadripper-pro-7995wx-96-cores-test,diffed,75.74
archives,xz-x-mx-linux-exit-options-24df2cf3-exit-options_25-1-01-tar,diffed,19.78
archives,xz-x-mx-linux-exit-options-3992ee16-exit-options_25-7-tar,diffed,14.73
archives,xz-x-tx00100xt-serioussam-mods-9af03399-patch_1-05_fe-tar,diffed,8.95
archives,xz-x-tx00100xt-serioussam-mods-9af03399-patch_1-07_se-tar,diffed,2.25
archives,xz-x-xiph-flac-1d0683e9-abi-libflac++-1-5-0-dump,diffed,849.42
archives,xz-x-xiph-flac-1d0683e9-abi-libflac-1-5-0-dump,diffed,232.81
archives,zip-x-asamk-signal-cli-62811d92-gradle-wrapper,diffed,2.92
archives,zip-x-baron-von-riedesel-jwasm-3e670ff1-regression,diffed,6.58
archives,zip-x-baron-von-riedesel-jwasm-ac54827f-regression,diffed,11.53
archives,zip-x-deltj-tempestsdr-57598d3d-jtempestsdr,diffed,5.55
archives,zip-x-deltj-tempestsdr-684a5725-jtempestsdr,diffed,10.27
archives,zip-x-deltj-tempestsdr-c2179eab-autocorr,diffed,726.50
archives,zip-x-deltj-tempestsdr-cf19951e-jtempestsdr,diffed,7.37
archives,zip-x-dita-ot-dita-ot-ee5529f6-gradle-wrapper,diffed,4.10
archives,zip-x-dom4j-dom4j-46e29e96-gradle-wrapper,diffed,3.72
archives,zip-x-drowe67-codec2-3c761467-modem_codec_frame_design,diffed,4.09
archives,zip-x-eclipse-aspectj-aspectj-415f472e-aspectjrt,diffed,3.19
archives,zip-x-eclipse-aspectj-aspectj-eb56b6e8-aspectjrt,diffed,1.08
archives,zip-x-eclipse-aspectj-aspectj-eb56b6e8-aspectjweaver,diffed,28.23
archives,zip-x-eclipse-jdt-eclipse.jdt.core-2a927517-apttestprocessors8,diffed,5.87
archives,zip-x-google-libphonenumber-6f383e6c-cpp-build-1-0-snapshot-jar-with-dependencies,diffed,3.44
archives,zip-x-google-libphonenumber-6f383e6c-metadata,diffed,412.18
archives,zip-x-google-libphonenumber-a080b470-cpp-build-1-0-snapshot-jar-with-dependencies,diffed,3.47
archives,zip-x-google-libphonenumber-a080b470-metadata,diffed,405.49
archives,zip-x-guillaumeboehm-nordzy-cursors-5827428b-nordzy-catppuccin-mocha-light-pngs,diffed,8.94
archives,zip-x-hamcrest-javahamcrest-776d17aa-gradle-wrapper,diffed,3.87
archives,zip-x-instead-hub-instead-7ee62f0b-instead-em,diffed,0.68
archives,zip-x-intel-intel-one-mono-c10dc0e4-woff,diffed,12.56
archives,zip-x-intel-intel-one-mono-d7e86cde-woff2,diffed,0.31
archives,zip-x-intel-intel-one-mono-f27971c4-woff,diffed,0.24
archives,zip-x-jakartaee-rest-c0a63aa9-maven-wrapper,diffed,4.06
archives,zip-x-java-native-access-jna-285632fa-demo-x11,diffed,15.01
archives,zip-x-java-native-access-jna-3c493c16-demo-balloonmanager,diffed,10.52
archives,zip-x-java-native-access-jna-695ae749-jna,diffed,11.61
archives,zip-x-javaee-javahelp-5adab536-jdic-stub,diffed,0.52
archives,zip-x-jboss-javassist-javassist-049c06e9-javassist,diffed,3.19
archives,zip-x-jboss-javassist-javassist-9ad05535-javassist,diffed,66.91
archives,zip-x-jdum-odsgenerator-8d2e234d-tutorial,diffed,1.30
archives,zip-x-jdum-odsgenerator-cc5123db-result_test_json,diffed,0.88
archives,zip-x-jmcnamara-xlsxwriter-d2ea95d4-optimize03,diffed,0.55
archives,zip-x-jnr-jffi-4984cba4-jffi-x86_64-linux,diffed,1.24
archives,zip-x-jnr-jffi-ca7cd8f5-jffi-x86_64-linux,diffed,1.38
archives,zip-x-junit-pioneer-junit-pioneer-e34188e8-gradle-wrapper,diffed,3.04
archives,zip-x-junit-pioneer-junit-pioneer-f5dca5e4-gradle-wrapper,diffed,3.35
archives,zip-x-libjpeg-turbo-libjpeg-turbo-466c3448-member-search-index,diffed,0.25
archives,zip-x-libjpeg-turbo-libjpeg-turbo-466c3448-type-search-index,diffed,0.26
archives,zip-x-libjxl-libjxl-3d095d9b-test_cost-armhf,diffed,1219.42
archives,zip-x-libjxl-libjxl-3d095d9b-test_cost-i386,diffed,1231.25
archives,zip-x-lmax-exchange-disruptor-b04bcc3f-gradle-wrapper,diffed,4.52
archives,zip-x-lmax-exchange-disruptor-ddfad228-gradle-wrapper,diffed,3.12
archives,zip-x-michaelrsweet-mxml-b44e7de7-mxml,diffed,4.94
archives,zip-x-nagiosenterprises-ndoutils-3f77170e-ndoutils documentation,diffed,2.35
archives,zip-x-optyfr-jrommanager-f76c94de-gradle-wrapper,diffed,1.88
archives,zip-x-plk-biber-92afc8fe-unicode-bib-files,diffed,0.62
archives,zip-x-randomizedtesting-randomizedtesting-9374f809-proguard,diffed,473.96
archives,zip-x-remkop-picocli-7f14deb5-package-search-index,diffed,0.28
archives,zip-x-remkop-picocli-7f14deb5-type-search-index,diffed,0.35
archives,zip-x-richardlehane-siegfried-16c65db8-fddxml,diffed,24.50
archives,zip-x-richardlehane-siegfried-239702cf-fmt-412-container-signature-id-1040,diffed,0.32
archives,zip-x-richardlehane-siegfried-93b4a0f7-fddxml,diffed,55.03
archives,zip-x-rubjo-victor-mono-e070e06f-victormonoall,diffed,2.10
archives,zip-x-rubjo-victor-mono-ec1b3a23-victormonoall,diffed,239.71
archives,zip-x-ryanoasis-nerd-fonts-0def7818-fontpatcher,diffed,5.57
archives,zip-x-ryanoasis-nerd-fonts-abc3c03a-fontpatcher,diffed,1.78
archives,zip-x-silnrsi-teckit-2991037f-teckit_tools,diffed,2.36
archives,zip-x-silnrsi-teckit-3d06b4f4-teckit_tools,diffed,2.91
archives,zip-x-simdjson-simdjson-b1c31b42-singleheader,diffed,190.23
archives,zip-x-stamatak-standard-raxml-d0b72062-newmanual,diffed,10.12
archives,zip-x-stathissideris-ditaa-02ca8a3e-ditaa0_10,diffed,0.86
archives,zip-x-stathissideris-ditaa-eb81d02c-js,diffed,90.67
archives,zip-x-tng-junit-dataprovider-9c5416e8-gradle-wrapper,diffed,1.90
archives,zip-x-urbanjost-m_cli2-f80b4c28-manpages,diffed,3.68
archives,zip-x-vdr-projects-vdr-plugin-vdrmanager-39219007-app-release,diffed,55.13
archives,zip-x-vdr-projects-vdr-plugin-vdrmanager-559f2482-app-release,diffed,58.46
archives,zip-x-zdia-gorilla-464d0053-pwgorila,diffed,5.48
archives,zip-x-zeromq-czmq-3b06b052-gradle-wrapper,diffed,1.84
